Workbook
Name OLE_LINK1: #REF!
Name OLE_LINK4: #REF!

Sheet Instructions
C1: Theory attainment calculation (Updated Nov 2022)
C4: Sheet | D4: Details to be entered
C5: Cells shown in colours only needs to be filled with required details. Don’t modify other cells contents in all the sheets
C7: Set target form | D7: Target for Continuous Internal Evaluation(CIE), Semester End Examination (SEE) and exit survey.
D8: Enter subject details and CO numbers
C10: Internal | D10: Depends on number of subdivisions in each question, insert required number of columns in every IA test.
D11: 1. Student USN and name
D12: 2. Enter CO numbers of the question as 1,2, etc. If a question is mapped more than one CO use both the Rows mentioned as
D13: Cijk.m
D14: 3. Max marks allotted to each questions
D15: 4. Marks scored by each students in IA1, IA2 and IA3
D16: 5. If student is absent or scored zero mark, don’t enter anything
C18: 5 mark assessment tool | D18: 1. Enter CO numbers of the question as 1,2, etc. If a question is mapped more than one CO use both the Rows mentioned as
D19: Cijk.m
D20: 2. Max marks allotted to each questions
C22: SEE | D22: 1. Enter student wise Total marks(SEE marks) and IA marks
D23: 2. Delete the left out rows
D24: 3. If grade is there , enter maxmarks assigned to that grade in total mark column as shown in table
C27: Exit survey | D27: 1.Down load from pupilpod given by students
D28: 2. CO numbers Ex 202.1 , 202.2 etc
D29: 3. Paste downloaded exit survey details student wise
D30: 4. Fill Exit survey to CO mapping table. If mapped enter '1' else don’t enter anything
C32: CO attainment | D32: nil
C33: Course PO attainment | D33: 1. - In "PO-PSO attainment in % " table which is available in "Course PO attainment sheet"; wherver CO is not mapped to PO remove the formula and put "-"
C35: CO attainment gap | D35: CAYm1 CO attainment - Refer previous academic year attainment sheet
D36: Action proposed if gap identified.
C38: PO attainment gap | D38: CAYm1 PO attainment
D39: Action proposed if gap identified
C42: All the sheets are provided with maximum students strength of 200.
C43: enter student details of class strength and remaining student details rows leave empty
C45: Refer CO attainment sheet, Course Po attainment sheet, CO attainment gap sheet and PO attainment gap to get
D47: 1. CO attainment
D48: 2. Course PO attainment
D49: 3. CO attainment gap
D50: 4. PO attainment gap

Sheet set target form
E1: AMC ENGINEERING COLLEGE
E2: DEPARTMENT OF PHYSICS
E3: CIE,SEE and Exit survey attainment levels and target
D4: Sub code: | E4: 21PHY22 | F4: Sub name: | G4: ENGINEERING PHYSICS
D5: Names of Faculty handled:
D6: Nithin H M
D7: Academic Year: | E7: 2021-22 | F7: Sem : | G7: II
D9: CO Number: | E9: CO1 | F9: CO2 | G9: CO3 | H9: CO4 | I9: CO5
D11: Attainment Levels | E11: Target
E12: Internal | G12: External | I12: Exit survey
E13: % of students | F13: % of marks | G13: % of students | H13: % of marks | I13: % of students | J13: % of marks
D14: Level 1 | E14: 50 | F14: 60 | G14: 50 | H14: class average | I14: 50 | J14: A & B
D15: Level 2 | E15: 60 | F15: 60 | G15: 60 | H15: class average | I15: 60 | J15: A & B
D16: Level 3 | E16: 70 | F16: 60 | G16: 70 | H16: class average | I16: 70 | J16: A & B
E19: Set Targets for Cos
D21: Level | E21: Internal | G21: External-2010 scheme | I21: Course Exit Survey
D22: Level 1 | E22: 50% students should have scored >= 60% [in IA] | G22: 50% students should have scored >= X | I22: 50% students should have rated Good and above
D23: Level 2 | E23: 60% students should have scored >= 60% [in IA] | G23: 60% students should have scored >= X | I23: 60% students should have rated Good and above
D24: Level 3 | E24: 70% students should have scored >= 60% [in IA] | G24: 70% students should have scored >= X | I24: 70% students should have rated Good and above
F26: X - University average

Sheet IA Test only
A1: AMC ENGINEERING COLLEGE | AR1: AMC ENGINEERING COLLEGE
A2: ='set target form'!E2 -> DEPARTMENT OF PHYSICS | AR2: ='set target form'!E2 -> DEPARTMENT OF PHYSICS
A3: INTERNAL - I, II & III marks | AR3: CO ATTAINMENT - INTERNAL
B4: Sub code: | C4: ='set target form'!E4 -> 21PHY22 | D4: Sub name: | J4: ='set target form'!G4 -> ENGINEERING PHYSICS | Q4: Academic Year: | Y4: ='set target form'!E7 -> 2021-22
B5: Names of Faculty handled: | D5: ='set target form'!D6 -> Nithin H M | AR5: Sub code: | AT5: ='set target form'!E4 -> 21PHY22 | AV5: Sub name: | AX5: ='set target form'!G4 -> ENGINEERING PHYSICS | BC5: Academic Year: | BE5: ='set target form'!E7 -> 2021-22 | BH5: Sem : | BI5: ='set target form'!G7 -> II
AR6: Names of Faculty handled: | AU6: ='set target form'!D6 -> Nithin H M
C7: Cijk | D7: 1 | E7: 1 | F7: 1 | G7: 1 | H7: 1 | I7: 1 | J7: 2 | K7: 2 | L7: 2 | M7: 2 | N7: 2 | O7: 2 | Q7: 3 | R7: 3 | S7: 3 | T7: 3 | U7: 3 | V7: 3 | W7: 3 | X7: 4 | Y7: 4 | Z7: 3 | AA7: 4 | AB7: 3 | AD7: 4 | AE7: 4 | AF7: 4 | AG7: 4 | AH7: 4 | AI7: 4 | AJ7: 5 | AK7: 5 | AL7: 5 | AM7: 5 | AN7: 5 | AO7: 5
C8: Cijk
C9: Max Marks | D9: 10 | E9: 5 | F9: 5 | G9: 10 | H9: 5 | I9: 5 | J9: 10 | K9: 5 | L9: 5 | M9: 10 | N9: 5 | O9: 5 | P9: =SUM(D9:O9)/2 -> 40 | Q9: 10 | R9: 5 | S9: 5 | T9: 10 | U9: 5 | V9: 5 | W9: 10 | X9: 5 | Y9: 5 | Z9: 10 | AA9: 5 | AB9: 5 | AC9: =SUM(Q9:AB9)/2 -> 40 | AD9: 10 | AE9: 5 | AF9: 5 | AG9: 10 | AH9: 5 | AI9: 5 | AJ9: 10 | AK9: 5 | AL9: 5 | AM9: 10 | AN9: 5 | AO9: 5 | AP9: =SUM(AD9:AO9)/2 -> 40
D10: Test 1 | Q10: Test 2 | AD10: Test 3 | AR10: ='set target form'!E9 -> CO1 | AV10: ='set target form'!F9 -> CO2 | AZ10: ='set target form'!G9 -> CO3 | BD10: ='set target form'!H9 -> CO4 | BH10: ='set target form'!I9 -> CO5
A11: Sl.No. | B11: USN | C11: Name | D11: 1A | E11: 1B | F11: 1C | G11: 2A | H11: 2B | I11: 2C | J11: 3A | K11: 3B | L11: 3C | M11: 4A | N11: 4B | O11: 4C | Q11: 1A | R11: 1B | S11: 1C | T11: 2A | U11: 2B | V11: 2C | W11: 3A | X11: 3B | Y11: 3C | Z11: 4A | AA11: 4B | AB11: 4C | AD11: 1A | AE11: 1B | AF11: 2A | AG11: 2B | AH11: 3A | AI11: 3B | AJ11: 4A | AK11: 4B | AL11: 5A | AM11: 5B | AN11: 6A | AO11: 6B | AR11: scored | AS11: alotted | AT11: % | AV11: scored | AW11: alotted | AX11: % | AZ11: scored | BA11: alotted | BB11: % | BD11: scored | BE11: alotted | BF11: % | BH11: scored | BI11: alotted | BJ11: %
A12: 1 | P12: =SUM(D12:O12) -> 0 | AC12: =SUM(Q12:AB12) -> 0 | AP12: =SUM(AD12:AO12) -> 0 | AR12: =SUMIF($D$8:$AO$8,1,$D12:$AO12)+SUMIF($D$7:$AO$7,1,$D12:$AO12) -> 0 | AS12: =SUMIFS($D$9:$AO$9,$D$8:$AO$8,1,$D12:$AO12,">="&0)+SUMIFS($D$9:$AO$9,$D$7:$AO$7,1,$D12:$AO12,">="&0) -> 0 | AT12: =AR12/AS12*100 -> #DIV/0! | AV12: =SUMIF($D$8:$AO$8,2,$D12:$AO12)+SUMIF($D$7:$AO$7,2,$D12:$AO12) -> 0 | AW12: =SUMIFS($D$9:$AO$9,$D$8:$AO$8,2,$D12:$AO12,">="&0)+SUMIFS($D$9:$AO$9,$D$7:$AO$7,2,$D12:$AO12,">="&0) -> 0 | AX12: =AV12/AW12*100 -> #DIV/0! | AZ12: =SUMIF($D$8:$AO$8,3,$D12:$AO12)+SUMIF($D$7:$AO$7,3,$D12:$AO12) -> 0 | BA12: =SUMIFS($D$9:$AO$9,$D$8:$AO$8,3,$D12:$AO12,">="&0)+SUMIFS($D$9:$AO$9,$D$7:$AO$7,3,$D12:$AO12,">="&0) -> 0 | BB12: =AZ12/BA12*100 -> #DIV/0! | BD12: =SUMIF($D$8:$AO$8,4,$D12:$AO12)+SUMIF($D$7:$AO$7,4,$D12:$AO12) -> 0 | BE12: =SUMIFS($D$9:$AO$9,$D$8:$AO$8,4,$D12:$AO12,">="&0)+SUMIFS($D$9:$AO$9,$D$7:$AO$7,4,$D12:$AO12,">="&0) -> 0 | BF12: =BD12/BE12*100 -> #DIV/0! | BH12: =SUMIF($D$8:$AO$8,5,$D12:$AO12)+SUMIF($D$7:$AO$7,5,$D12:$AO12) -> 0 | BI12: =SUMIFS($D$9:$AO$9,$D$8:$AO$8,5,$D12:$AO12,">="&0)+SUMIFS($D$9:$AO$9,$D$7:$AO$7,5,$D12:$AO12,">="&0) -> 0 | BJ12: =BH12/BI12*100 -> #DIV/0!
A13: 2 | P13: =SUM(D13:O13) -> 0 | AC13: =SUM(Q13:AB13) -> 0 | AP13: =SUM(AD13:AO13) -> 0 | AR13: =SUMIF($D$8:$AO$8,1,$D13:$AO13)+SUMIF($D$7:$AO$7,1,$D13:$AO13) -> 0 | AS13: =SUMIFS($D$9:$AO$9,$D$8:$AO$8,1,$D13:$AO13,">="&0)+SUMIFS($D$9:$AO$9,$D$7:$AO$7,1,$D13:$AO13,">="&0) -> 0 | AT13: =AR13/AS13*100 -> #DIV/0! | AV13: =SUMIF($D$8:$AO$8,2,$D13:$AO13)+SUMIF($D$7:$AO$7,2,$D13:$AO13) -> 0 | AW13: =SUMIFS($D$9:$AO$9,$D$8:$AO$8,2,$D13:$AO13,">="&0)+SUMIFS($D$9:$AO$9,$D$7:$AO$7,2,$D13:$AO13,">="&0) -> 0 | AX13: =AV13/AW13*100 -> #DIV/0! | AZ13: =SUMIF($D$8:$AO$8,3,$D13:$AO13)+SUMIF($D$7:$AO$7,3,$D13:$AO13) -> 0 | BA13: =SUMIFS($D$9:$AO$9,$D$8:$AO$8,3,$D13:$AO13,">="&0)+SUMIFS($D$9:$AO$9,$D$7:$AO$7,3,$D13:$AO13,">="&0) -> 0 | BB13: =AZ13/BA13*100 -> #DIV/0! | BD13: =SUMIF($D$8:$AO$8,4,$D13:$AO13)+SUMIF($D$7:$AO$7,4,$D13:$AO13) -> 0 | BE13: =SUMIFS($D$9:$AO$9,$D$8:$AO$8,4,$D13:$AO13,">="&0)+SUMIFS($D$9:$AO$9,$D$7:$AO$7,4,$D13:$AO13,">="&0) -> 0 | BF13: =BD13/BE13*100 -> #DIV/0! | BH13: =SUMIF($D$8:$AO$8,5,$D13:$AO13)+SUMIF($D$7:$AO$7,5,$D13:$AO13) -> 0 | BI13: =SUMIFS($D$9:$AO$9,$D$8:$AO$8,5,$D13:$AO13,">="&0)+SUMIFS($D$9:$AO$9,$D$7:$AO$7,5,$D13:$AO13,">="&0) -> 0 | BJ13: =BH13/BI13*100 -> #DIV/0!
A14: 3 | P14: =SUM(D14:O14) -> 0 | AC14: =SUM(Q14:AB14) -> 0 | AP14: =SUM(AD14:AO14) -> 0 | AR14: =SUMIF($D$8:$AO$8,1,$D14:$AO14)+SUMIF($D$7:$AO$7,1,$D14:$AO14) -> 0 | AS14: =SUMIFS($D$9:$AO$9,$D$8:$AO$8,1,$D14:$AO14,">="&0)+SUMIFS($D$9:$AO$9,$D$7:$AO$7,1,$D14:$AO14,">="&0) -> 0 | AT14: =AR14/AS14*100 -> #DIV/0! | AV14: =SUMIF($D$8:$AO$8,2,$D14:$AO14)+SUMIF($D$7:$AO$7,2,$D14:$AO14) -> 0 | AW14: =SUMIFS($D$9:$AO$9,$D$8:$AO$8,2,$D14:$AO14,">="&0)+SUMIFS($D$9:$AO$9,$D$7:$AO$7,2,$D14:$AO14,">="&0) -> 0 | AX14: =AV14/AW14*100 -> #DIV/0! | AZ14: =SUMIF($D$8:$AO$8,3,$D14:$AO14)+SUMIF($D$7:$AO$7,3,$D14:$AO14) -> 0 | BA14: =SUMIFS($D$9:$AO$9,$D$8:$AO$8,3,$D14:$AO14,">="&0)+SUMIFS($D$9:$AO$9,$D$7:$AO$7,3,$D14:$AO14,">="&0) -> 0 | BB14: =AZ14/BA14*100 -> #DIV/0! | BD14: =SUMIF($D$8:$AO$8,4,$D14:$AO14)+SUMIF($D$7:$AO$7,4,$D14:$AO14) -> 0 | BE14: =SUMIFS($D$9:$AO$9,$D$8:$AO$8,4,$D14:$AO14,">="&0)+SUMIFS($D$9:$AO$9,$D$7:$AO$7,4,$D14:$AO14,">="&0) -> 0 | BF14: =BD14/BE14*100 -> #DIV/0! | BH14: =SUMIF($D$8:$AO$8,5,$D14:$AO14)+SUMIF($D$7:$AO$7,5,$D14:$AO14) -> 0 | BI14: =SUMIFS($D$9:$AO$9,$D$8:$AO$8,5,$D14:$AO14,">="&0)+SUMIFS($D$9:$AO$9,$D$7:$AO$7,5,$D14:$AO14,">="&0) -> 0 | BJ14: =BH14/BI14*100 -> #DIV/0!
A15: 4 | P15: =SUM(D15:O15) -> 0 | AC15: =SUM(Q15:AB15) -> 0 | AP15: =SUM(AD15:AO15) -> 0 | AR15: =SUMIF($D$8:$AO$8,1,$D15:$AO15)+SUMIF($D$7:$AO$7,1,$D15:$AO15) -> 0 | AS15: =SUMIFS($D$9:$AO$9,$D$8:$AO$8,1,$D15:$AO15,">="&0)+SUMIFS($D$9:$AO$9,$D$7:$AO$7,1,$D15:$AO15,">="&0) -> 0 | AT15: =AR15/AS15*100 -> #DIV/0! | AV15: =SUMIF($D$8:$AO$8,2,$D15:$AO15)+SUMIF($D$7:$AO$7,2,$D15:$AO15) -> 0 | AW15: =SUMIFS($D$9:$AO$9,$D$8:$AO$8,2,$D15:$AO15,">="&0)+SUMIFS($D$9:$AO$9,$D$7:$AO$7,2,$D15:$AO15,">="&0) -> 0 | AX15: =AV15/AW15*100 -> #DIV/0! | AZ15: =SUMIF($D$8:$AO$8,3,$D15:$AO15)+SUMIF($D$7:$AO$7,3,$D15:$AO15) -> 0 | BA15: =SUMIFS($D$9:$AO$9,$D$8:$AO$8,3,$D15:$AO15,">="&0)+SUMIFS($D$9:$AO$9,$D$7:$AO$7,3,$D15:$AO15,">="&0) -> 0 | BB15: =AZ15/BA15*100 -> #DIV/0! | BD15: =SUMIF($D$8:$AO$8,4,$D15:$AO15)+SUMIF($D$7:$AO$7,4,$D15:$AO15) -> 0 | BE15: =SUMIFS($D$9:$AO$9,$D$8:$AO$8,4,$D15:$AO15,">="&0)+SUMIFS($D$9:$AO$9,$D$7:$AO$7,4,$D15:$AO15,">="&0) -> 0 | BF15: =BD15/BE15*100 -> #DIV/0! | BH15: =SUMIF($D$8:$AO$8,5,$D15:$AO15)+SUMIF($D$7:$AO$7,5,$D15:$AO15) -> 0 | BI15: =SUMIFS($D$9:$AO$9,$D$8:$AO$8,5,$D15:$AO15,">="&0)+SUMIFS($D$9:$AO$9,$D$7:$AO$7,5,$D15:$AO15,">="&0) -> 0 | BJ15: =BH15/BI15*100 -> #DIV/0!
A16: 5 | P16: =SUM(D16:O16) -> 0 | AC16: =SUM(Q16:AB16) -> 0 | AP16: =SUM(AD16:AO16) -> 0 | AR16: =SUMIF($D$8:$AO$8,1,$D16:$AO16)+SUMIF($D$7:$AO$7,1,$D16:$AO16) -> 0 | AS16: =SUMIFS($D$9:$AO$9,$D$8:$AO$8,1,$D16:$AO16,">="&0)+SUMIFS($D$9:$AO$9,$D$7:$AO$7,1,$D16:$AO16,">="&0) -> 0 | AT16: =AR16/AS16*100 -> #DIV/0! | AV16: =SUMIF($D$8:$AO$8,2,$D16:$AO16)+SUMIF($D$7:$AO$7,2,$D16:$AO16) -> 0 | AW16: =SUMIFS($D$9:$AO$9,$D$8:$AO$8,2,$D16:$AO16,">="&0)+SUMIFS($D$9:$AO$9,$D$7:$AO$7,2,$D16:$AO16,">="&0) -> 0 | AX16: =AV16/AW16*100 -> #DIV/0! | AZ16: =SUMIF($D$8:$AO$8,3,$D16:$AO16)+SUMIF($D$7:$AO$7,3,$D16:$AO16) -> 0 | BA16: =SUMIFS($D$9:$AO$9,$D$8:$AO$8,3,$D16:$AO16,">="&0)+SUMIFS($D$9:$AO$9,$D$7:$AO$7,3,$D16:$AO16,">="&0) -> 0 | BB16: =AZ16/BA16*100 -> #DIV/0! | BD16: =SUMIF($D$8:$AO$8,4,$D16:$AO16)+SUMIF($D$7:$AO$7,4,$D16:$AO16) -> 0 | BE16: =SUMIFS($D$9:$AO$9,$D$8:$AO$8,4,$D16:$AO16,">="&0)+SUMIFS($D$9:$AO$9,$D$7:$AO$7,4,$D16:$AO16,">="&0) -> 0 | BF16: =BD16/BE16*100 -> #DIV/0! | BH16: =SUMIF($D$8:$AO$8,5,$D16:$AO16)+SUMIF($D$7:$AO$7,5,$D16:$AO16) -> 0 | BI16: =SUMIFS($D$9:$AO$9,$D$8:$AO$8,5,$D16:$AO16,">="&0)+SUMIFS($D$9:$AO$9,$D$7:$AO$7,5,$D16:$AO16,">="&0) -> 0 | BJ16: =BH16/BI16*100 -> #DIV/0!
A17: 6 | P17: =SUM(D17:O17) -> 0 | AC17: =SUM(Q17:AB17) -> 0 | AP17: =SUM(AD17:AO17) -> 0 | AR17: =SUMIF($D$8:$AO$8,1,$D17:$AO17)+SUMIF($D$7:$AO$7,1,$D17:$AO17) -> 0 | AS17: =SUMIFS($D$9:$AO$9,$D$8:$AO$8,1,$D17:$AO17,">="&0)+SUMIFS($D$9:$AO$9,$D$7:$AO$7,1,$D17:$AO17,">="&0) -> 0 | AT17: =AR17/AS17*100 -> #DIV/0! | AV17: =SUMIF($D$8:$AO$8,2,$D17:$AO17)+SUMIF($D$7:$AO$7,2,$D17:$AO17) -> 0 | AW17: =SUMIFS($D$9:$AO$9,$D$8:$AO$8,2,$D17:$AO17,">="&0)+SUMIFS($D$9:$AO$9,$D$7:$AO$7,2,$D17:$AO17,">="&0) -> 0 | AX17: =AV17/AW17*100 -> #DIV/0! | AZ17: =SUMIF($D$8:$AO$8,3,$D17:$AO17)+SUMIF($D$7:$AO$7,3,$D17:$AO17) -> 0 | BA17: =SUMIFS($D$9:$AO$9,$D$8:$AO$8,3,$D17:$AO17,">="&0)+SUMIFS($D$9:$AO$9,$D$7:$AO$7,3,$D17:$AO17,">="&0) -> 0 | BB17: =AZ17/BA17*100 -> #DIV/0! | BD17: =SUMIF($D$8:$AO$8,4,$D17:$AO17)+SUMIF($D$7:$AO$7,4,$D17:$AO17) -> 0 | BE17: =SUMIFS($D$9:$AO$9,$D$8:$AO$8,4,$D17:$AO17,">="&0)+SUMIFS($D$9:$AO$9,$D$7:$AO$7,4,$D17:$AO17,">="&0) -> 0 | BF17: =BD17/BE17*100 -> #DIV/0! | BH17: =SUMIF($D$8:$AO$8,5,$D17:$AO17)+SUMIF($D$7:$AO$7,5,$D17:$AO17) -> 0 | BI17: =SUMIFS($D$9:$AO$9,$D$8:$AO$8,5,$D17:$AO17,">="&0)+SUMIFS($D$9:$AO$9,$D$7:$AO$7,5,$D17:$AO17,">="&0) -> 0 | BJ17: =BH17/BI17*100 -> #DIV/0!
A18: 7 | P18: =SUM(D18:O18) -> 0 | AC18: =SUM(Q18:AB18) -> 0 | AP18: =SUM(AD18:AO18) -> 0 | AR18: =SUMIF($D$8:$AO$8,1,$D18:$AO18)+SUMIF($D$7:$AO$7,1,$D18:$AO18) -> 0 | AS18: =SUMIFS($D$9:$AO$9,$D$8:$AO$8,1,$D18:$AO18,">="&0)+SUMIFS($D$9:$AO$9,$D$7:$AO$7,1,$D18:$AO18,">="&0) -> 0 | AT18: =AR18/AS18*100 -> #DIV/0! | AV18: =SUMIF($D$8:$AO$8,2,$D18:$AO18)+SUMIF($D$7:$AO$7,2,$D18:$AO18) -> 0 | AW18: =SUMIFS($D$9:$AO$9,$D$8:$AO$8,2,$D18:$AO18,">="&0)+SUMIFS($D$9:$AO$9,$D$7:$AO$7,2,$D18:$AO18,">="&0) -> 0 | AX18: =AV18/AW18*100 -> #DIV/0! | AZ18: =SUMIF($D$8:$AO$8,3,$D18:$AO18)+SUMIF($D$7:$AO$7,3,$D18:$AO18) -> 0 | BA18: =SUMIFS($D$9:$AO$9,$D$8:$AO$8,3,$D18:$AO18,">="&0)+SUMIFS($D$9:$AO$9,$D$7:$AO$7,3,$D18:$AO18,">="&0) -> 0 | BB18: =AZ18/BA18*100 -> #DIV/0! | BD18: =SUMIF($D$8:$AO$8,4,$D18:$AO18)+SUMIF($D$7:$AO$7,4,$D18:$AO18) -> 0 | BE18: =SUMIFS($D$9:$AO$9,$D$8:$AO$8,4,$D18:$AO18,">="&0)+SUMIFS($D$9:$AO$9,$D$7:$AO$7,4,$D18:$AO18,">="&0) -> 0 | BF18: =BD18/BE18*100 -> #DIV/0! | BH18: =SUMIF($D$8:$AO$8,5,$D18:$AO18)+SUMIF($D$7:$AO$7,5,$D18:$AO18) -> 0 | BI18: =SUMIFS($D$9:$AO$9,$D$8:$AO$8,5,$D18:$AO18,">="&0)+SUMIFS($D$9:$AO$9,$D$7:$AO$7,5,$D18:$AO18,">="&0) -> 0 | BJ18: =BH18/BI18*100 -> #DIV/0!
A19: 8 | P19: =SUM(D19:O19) -> 0 | AC19: =SUM(Q19:AB19) -> 0 | AP19: =SUM(AD19:AO19) -> 0 | AR19: =SUMIF($D$8:$AO$8,1,$D19:$AO19)+SUMIF($D$7:$AO$7,1,$D19:$AO19) -> 0 | AS19: =SUMIFS($D$9:$AO$9,$D$8:$AO$8,1,$D19:$AO19,">="&0)+SUMIFS($D$9:$AO$9,$D$7:$AO$7,1,$D19:$AO19,">="&0) -> 0 | AT19: =AR19/AS19*100 -> #DIV/0! | AV19: =SUMIF($D$8:$AO$8,2,$D19:$AO19)+SUMIF($D$7:$AO$7,2,$D19:$AO19) -> 0 | AW19: =SUMIFS($D$9:$AO$9,$D$8:$AO$8,2,$D19:$AO19,">="&0)+SUMIFS($D$9:$AO$9,$D$7:$AO$7,2,$D19:$AO19,">="&0) -> 0 | AX19: =AV19/AW19*100 -> #DIV/0! | AZ19: =SUMIF($D$8:$AO$8,3,$D19:$AO19)+SUMIF($D$7:$AO$7,3,$D19:$AO19) -> 0 | BA19: =SUMIFS($D$9:$AO$9,$D$8:$AO$8,3,$D19:$AO19,">="&0)+SUMIFS($D$9:$AO$9,$D$7:$AO$7,3,$D19:$AO19,">="&0) -> 0 | BB19: =AZ19/BA19*100 -> #DIV/0! | BD19: =SUMIF($D$8:$AO$8,4,$D19:$AO19)+SUMIF($D$7:$AO$7,4,$D19:$AO19) -> 0 | BE19: =SUMIFS($D$9:$AO$9,$D$8:$AO$8,4,$D19:$AO19,">="&0)+SUMIFS($D$9:$AO$9,$D$7:$AO$7,4,$D19:$AO19,">="&0) -> 0 | BF19: =BD19/BE19*100 -> #DIV/0! | BH19: =SUMIF($D$8:$AO$8,5,$D19:$AO19)+SUMIF($D$7:$AO$7,5,$D19:$AO19) -> 0 | BI19: =SUMIFS($D$9:$AO$9,$D$8:$AO$8,5,$D19:$AO19,">="&0)+SUMIFS($D$9:$AO$9,$D$7:$AO$7,5,$D19:$AO19,">="&0) -> 0 | BJ19: =BH19/BI19*100 -> #DIV/0!
A20: 9 | P20: =SUM(D20:O20) -> 0 | AC20: =SUM(Q20:AB20) -> 0 | AP20: =SUM(AD20:AO20) -> 0 | AR20: =SUMIF($D$8:$AO$8,1,$D20:$AO20)+SUMIF($D$7:$AO$7,1,$D20:$AO20) -> 0 | AS20: =SUMIFS($D$9:$AO$9,$D$8:$AO$8,1,$D20:$AO20,">="&0)+SUMIFS($D$9:$AO$9,$D$7:$AO$7,1,$D20:$AO20,">="&0) -> 0 | AT20: =AR20/AS20*100 -> #DIV/0! | AV20: =SUMIF($D$8:$AO$8,2,$D20:$AO20)+SUMIF($D$7:$AO$7,2,$D20:$AO20) -> 0 | AW20: =SUMIFS($D$9:$AO$9,$D$8:$AO$8,2,$D20:$AO20,">="&0)+SUMIFS($D$9:$AO$9,$D$7:$AO$7,2,$D20:$AO20,">="&0) -> 0 | AX20: =AV20/AW20*100 -> #DIV/0! | AZ20: =SUMIF($D$8:$AO$8,3,$D20:$AO20)+SUMIF($D$7:$AO$7,3,$D20:$AO20) -> 0 | BA20: =SUMIFS($D$9:$AO$9,$D$8:$AO$8,3,$D20:$AO20,">="&0)+SUMIFS($D$9:$AO$9,$D$7:$AO$7,3,$D20:$AO20,">="&0) -> 0 | BB20: =AZ20/BA20*100 -> #DIV/0! | BD20: =SUMIF($D$8:$AO$8,4,$D20:$AO20)+SUMIF($D$7:$AO$7,4,$D20:$AO20) -> 0 | BE20: =SUMIFS($D$9:$AO$9,$D$8:$AO$8,4,$D20:$AO20,">="&0)+SUMIFS($D$9:$AO$9,$D$7:$AO$7,4,$D20:$AO20,">="&0) -> 0 | BF20: =BD20/BE20*100 -> #DIV/0! | BH20: =SUMIF($D$8:$AO$8,5,$D20:$AO20)+SUMIF($D$7:$AO$7,5,$D20:$AO20) -> 0 | BI20: =SUMIFS($D$9:$AO$9,$D$8:$AO$8,5,$D20:$AO20,">="&0)+SUMIFS($D$9:$AO$9,$D$7:$AO$7,5,$D20:$AO20,">="&0) -> 0 | BJ20: =BH20/BI20*100 -> #DIV/0!
A21: 10 | P21: =SUM(D21:O21) -> 0 | AC21: =SUM(Q21:AB21) -> 0 | AP21: =SUM(AD21:AO21) -> 0 | AR21: =SUMIF($D$8:$AO$8,1,$D21:$AO21)+SUMIF($D$7:$AO$7,1,$D21:$AO21) -> 0 | AS21: =SUMIFS($D$9:$AO$9,$D$8:$AO$8,1,$D21:$AO21,">="&0)+SUMIFS($D$9:$AO$9,$D$7:$AO$7,1,$D21:$AO21,">="&0) -> 0 | AT21: =AR21/AS21*100 -> #DIV/0! | AV21: =SUMIF($D$8:$AO$8,2,$D21:$AO21)+SUMIF($D$7:$AO$7,2,$D21:$AO21) -> 0 | AW21: =SUMIFS($D$9:$AO$9,$D$8:$AO$8,2,$D21:$AO21,">="&0)+SUMIFS($D$9:$AO$9,$D$7:$AO$7,2,$D21:$AO21,">="&0) -> 0 | AX21: =AV21/AW21*100 -> #DIV/0! | AZ21: =SUMIF($D$8:$AO$8,3,$D21:$AO21)+SUMIF($D$7:$AO$7,3,$D21:$AO21) -> 0 | BA21: =SUMIFS($D$9:$AO$9,$D$8:$AO$8,3,$D21:$AO21,">="&0)+SUMIFS($D$9:$AO$9,$D$7:$AO$7,3,$D21:$AO21,">="&0) -> 0 | BB21: =AZ21/BA21*100 -> #DIV/0! | BD21: =SUMIF($D$8:$AO$8,4,$D21:$AO21)+SUMIF($D$7:$AO$7,4,$D21:$AO21) -> 0 | BE21: =SUMIFS($D$9:$AO$9,$D$8:$AO$8,4,$D21:$AO21,">="&0)+SUMIFS($D$9:$AO$9,$D$7:$AO$7,4,$D21:$AO21,">="&0) -> 0 | BF21: =BD21/BE21*100 -> #DIV/0! | BH21: =SUMIF($D$8:$AO$8,5,$D21:$AO21)+SUMIF($D$7:$AO$7,5,$D21:$AO21) -> 0 | BI21: =SUMIFS($D$9:$AO$9,$D$8:$AO$8,5,$D21:$AO21,">="&0)+SUMIFS($D$9:$AO$9,$D$7:$AO$7,5,$D21:$AO21,">="&0) -> 0 | BJ21: =BH21/BI21*100 -> #DIV/0!
A22: 11 | P22: =SUM(D22:O22) -> 0 | AC22: =SUM(Q22:AB22) -> 0 | AP22: =SUM(AD22:AO22) -> 0 | AR22: =SUMIF($D$8:$AO$8,1,$D22:$AO22)+SUMIF($D$7:$AO$7,1,$D22:$AO22) -> 0 | AS22: =SUMIFS($D$9:$AO$9,$D$8:$AO$8,1,$D22:$AO22,">="&0)+SUMIFS($D$9:$AO$9,$D$7:$AO$7,1,$D22:$AO22,">="&0) -> 0 | AT22: =AR22/AS22*100 -> #DIV/0! | AV22: =SUMIF($D$8:$AO$8,2,$D22:$AO22)+SUMIF($D$7:$AO$7,2,$D22:$AO22) -> 0 | AW22: =SUMIFS($D$9:$AO$9,$D$8:$AO$8,2,$D22:$AO22,">="&0)+SUMIFS($D$9:$AO$9,$D$7:$AO$7,2,$D22:$AO22,">="&0) -> 0 | AX22: =AV22/AW22*100 -> #DIV/0! | AZ22: =SUMIF($D$8:$AO$8,3,$D22:$AO22)+SUMIF($D$7:$AO$7,3,$D22:$AO22) -> 0 | BA22: =SUMIFS($D$9:$AO$9,$D$8:$AO$8,3,$D22:$AO22,">="&0)+SUMIFS($D$9:$AO$9,$D$7:$AO$7,3,$D22:$AO22,">="&0) -> 0 | BB22: =AZ22/BA22*100 -> #DIV/0! | BD22: =SUMIF($D$8:$AO$8,4,$D22:$AO22)+SUMIF($D$7:$AO$7,4,$D22:$AO22) -> 0 | BE22: =SUMIFS($D$9:$AO$9,$D$8:$AO$8,4,$D22:$AO22,">="&0)+SUMIFS($D$9:$AO$9,$D$7:$AO$7,4,$D22:$AO22,">="&0) -> 0 | BF22: =BD22/BE22*100 -> #DIV/0! | BH22: =SUMIF($D$8:$AO$8,5,$D22:$AO22)+SUMIF($D$7:$AO$7,5,$D22:$AO22) -> 0 | BI22: =SUMIFS($D$9:$AO$9,$D$8:$AO$8,5,$D22:$AO22,">="&0)+SUMIFS($D$9:$AO$9,$D$7:$AO$7,5,$D22:$AO22,">="&0) -> 0 | BJ22: =BH22/BI22*100 -> #DIV/0!
A23: 12 | P23: =SUM(D23:O23) -> 0 | AC23: =SUM(Q23:AB23) -> 0 | AP23: =SUM(AD23:AO23) -> 0 | AR23: =SUMIF($D$8:$AO$8,1,$D23:$AO23)+SUMIF($D$7:$AO$7,1,$D23:$AO23) -> 0 | AS23: =SUMIFS($D$9:$AO$9,$D$8:$AO$8,1,$D23:$AO23,">="&0)+SUMIFS($D$9:$AO$9,$D$7:$AO$7,1,$D23:$AO23,">="&0) -> 0 | AT23: =AR23/AS23*100 -> #DIV/0! | AV23: =SUMIF($D$8:$AO$8,2,$D23:$AO23)+SUMIF($D$7:$AO$7,2,$D23:$AO23) -> 0 | AW23: =SUMIFS($D$9:$AO$9,$D$8:$AO$8,2,$D23:$AO23,">="&0)+SUMIFS($D$9:$AO$9,$D$7:$AO$7,2,$D23:$AO23,">="&0) -> 0 | AX23: =AV23/AW23*100 -> #DIV/0! | AZ23: =SUMIF($D$8:$AO$8,3,$D23:$AO23)+SUMIF($D$7:$AO$7,3,$D23:$AO23) -> 0 | BA23: =SUMIFS($D$9:$AO$9,$D$8:$AO$8,3,$D23:$AO23,">="&0)+SUMIFS($D$9:$AO$9,$D$7:$AO$7,3,$D23:$AO23,">="&0) -> 0 | BB23: =AZ23/BA23*100 -> #DIV/0! | BD23: =SUMIF($D$8:$AO$8,4,$D23:$AO23)+SUMIF($D$7:$AO$7,4,$D23:$AO23) -> 0 | BE23: =SUMIFS($D$9:$AO$9,$D$8:$AO$8,4,$D23:$AO23,">="&0)+SUMIFS($D$9:$AO$9,$D$7:$AO$7,4,$D23:$AO23,">="&0) -> 0 | BF23: =BD23/BE23*100 -> #DIV/0! | BH23: =SUMIF($D$8:$AO$8,5,$D23:$AO23)+SUMIF($D$7:$AO$7,5,$D23:$AO23) -> 0 | BI23: =SUMIFS($D$9:$AO$9,$D$8:$AO$8,5,$D23:$AO23,">="&0)+SUMIFS($D$9:$AO$9,$D$7:$AO$7,5,$D23:$AO23,">="&0) -> 0 | BJ23: =BH23/BI23*100 -> #DIV/0!
... A235: 224 | P235: =SUM(D235:O235) -> 0 | AC235: =SUM(Q235:AB235) -> 0 | AP235: =SUM(AD235:AO235) -> 0 | AR235: =SUMIF($D$8:$AO$8,1,$D235:$AO235)+SUMIF($D$7:$AO$7,1,$D235:$AO235) -> 0 | AS235: =SUMIFS($D$9:$AO$9,$D$8:$AO$8,1,$D235:$AO235,">="&0)+SUMIFS($D$9:$AO$9,$D$7:$AO$7,1,$D235:$AO235,">="&0) -> 0 | AT235: =AR235/AS235*100 -> #DIV/0! | AV235: =SUMIF($D$8:$AO$8,2,$D235:$AO235)+SUMIF($D$7:$AO$7,2,$D235:$AO235) -> 0 | AW235: =SUMIFS($D$9:$AO$9,$D$8:$AO$8,2,$D235:$AO235,">="&0)+SUMIFS($D$9:$AO$9,$D$7:$AO$7,2,$D235:$AO235,">="&0) -> 0 | AX235: =AV235/AW235*100 -> #DIV/0! | AZ235: =SUMIF($D$8:$AO$8,3,$D235:$AO235)+SUMIF($D$7:$AO$7,3,$D235:$AO235) -> 0 | BA235: =SUMIFS($D$9:$AO$9,$D$8:$AO$8,3,$D235:$AO235,">="&0)+SUMIFS($D$9:$AO$9,$D$7:$AO$7,3,$D235:$AO235,">="&0) -> 0 | BB235: =AZ235/BA235*100 -> #DIV/0! | BD235: =SUMIF($D$8:$AO$8,4,$D235:$AO235)+SUMIF($D$7:$AO$7,4,$D235:$AO235) -> 0 | BE235: =SUMIFS($D$9:$AO$9,$D$8:$AO$8,4,$D235:$AO235,">="&0)+SUMIFS($D$9:$AO$9,$D$7:$AO$7,4,$D235:$AO235,">="&0) -> 0 | BF235: =BD235/BE235*100 -> #DIV/0! | BH235: =SUMIF($D$8:$AO$8,5,$D235:$AO235)+SUMIF($D$7:$AO$7,5,$D235:$AO235) -> 0 | BI235: =SUMIFS($D$9:$AO$9,$D$8:$AO$8,5,$D235:$AO235,">="&0)+SUMIFS($D$9:$AO$9,$D$7:$AO$7,5,$D235:$AO235,">="&0) -> 0 | BJ235: =BH235/BI235*100 -> #DIV/0!
AQ239: Number of student attended the CO questions | AT239: =COUNT(AT12:AT235) -> 0 | AX239: =COUNT(AX12:AX235) -> 0 | BB239: =COUNT(BB12:BB235) -> 0 | BF239: =COUNT(BF12:BF235) -> 0 | BJ239: =COUNT(BJ12:BJ235) -> 0
AQ240: Number of student scored 60 and above | AT240: =COUNTIF(AT12:AT235,">="&'set target form'!F14) -> 0 | AX240: =COUNTIF(AX12:AX235,">="&'set target form'!F14) -> 0 | BB240: =COUNTIF(BB12:BB235,">="&'set target form'!F14) -> 0 | BF240: =COUNTIF(BF12:BF235,">="&'set target form'!F14) -> 0 | BJ240: =COUNTIF(BJ12:BJ235,">="&'set target form'!F14) -> 0
AQ241: CO ATTAINMENT IN PERENTAGE (% of students scored above set % of marks) | AT241: =AT240/AT239*100 -> #DIV/0! | AX241: =AX240/AX239*100 -> #DIV/0! | BB241: =BB240/BB239*100 -> #DIV/0! | BF241: =BF240/BF239*100 -> #DIV/0! | BJ241: =BJ240/BJ239*100 -> #DIV/0!
AR249: Distribution of CO % in Internals
AR250: IA No. | AS250: ='set target form'!E9 -> CO1 | AT250: ='set target form'!F9 -> CO2 | AU250: ='set target form'!G9 -> CO3 | AV250: ='set target form'!H9 -> CO4 | AW250: ='set target form'!I9 -> CO5
AR251: IA-1 | AS251: =SUMIFS($D$9:$O$9,$D$8:$O$8,1)+SUMIFS($D$9:$O$9,$D$7:$O$7,1) -> 40 | AT251: =SUMIFS($D$9:$O$9,$D$8:$O$8,2)+SUMIFS($D$9:$O$9,$D$7:$O$7,2) -> 40 | AU251: =SUMIFS($D$9:$O$9,$D$8:$O$8,3)+SUMIFS($D$9:$O$9,$D$7:$O$7,3) -> 0 | AV251: =SUMIFS($D$9:$O$9,$D$8:$O$8,4)+SUMIFS($D$9:$O$9,$D$7:$O$7,4) -> 0 | AW251: =SUMIFS($D$9:$O$9,$D$8:$O$8,5)+SUMIFS($D$9:$O$9,$D$7:$O$7,5) -> 0
AR252: IA-2 | AS252: =SUMIFS($Q$9:$AB$9,$Q$8:$AB$8,1)+SUMIFS($Q$9:$AB$9,$Q$7:$AB$7,1) -> 0 | AT252: =SUMIFS($Q$9:$AB$9,$Q$8:$AB$8,2)+SUMIFS($Q$9:$AB$9,$Q$7:$AB$7,2) -> 0 | AU252: =SUMIFS($Q$9:$AB$9,$Q$8:$AB$8,3)+SUMIFS($Q$9:$AB$9,$Q$7:$AB$7,3) -> 65 | AV252: =SUMIFS($Q$9:$AB$9,$Q$8:$AB$8,4)+SUMIFS($Q$9:$AB$9,$Q$7:$AB$7,4) -> 15 | AW252: =SUMIFS($Q$9:$AB$9,$Q$8:$AB$8,5)+SUMIFS($Q$9:$AB$9,$Q$7:$AB$7,5) -> 0
AR253: IA-3 | AS253: =SUMIFS($AD$9:$AO$9,$AD$8:$AO$8,1)+SUMIFS($AD$9:$AO$9,$AD$7:$AO$7,1) -> 0 | AT253: =SUMIFS($AD$9:$AO$9,$AD$8:$AO$8,2)+SUMIFS($AD$9:$AO$9,$AD$7:$AO$7,2) -> 0 | AU253: =SUMIFS($AD$9:$AO$9,$AD$8:$AO$8,3)+SUMIFS($AD$9:$AO$9,$AD$7:$AO$7,3) -> 0 | AV253: =SUMIFS($AD$9:$AO$9,$AD$8:$AO$8,4)+SUMIFS($AD$9:$AO$9,$AD$7:$AO$7,4) -> 40 | AW253: =SUMIFS($AD$9:$AO$9,$AD$8:$AO$8,5)+SUMIFS($AD$9:$AO$9,$AD$7:$AO$7,5) -> 40

Sheet ASQM only
A1: AMC ENGINEERING COLLEGE | AL1: AMC ENGINEERING COLLEGE
A2: ='set target form'!E2 -> DEPARTMENT OF PHYSICS | AL2: ='set target form'!E2 -> DEPARTMENT OF PHYSICS
A3: Assignment/Quiz/Mini project/Unit test/Seminar - I, II & III marks | AL3: CO ATTAINMENT - INTERNAL
B4: Sub code: | C4: ='set target form'!E4 -> 21PHY22 | D4: Sub name: | H4: ='set target form'!G4 -> ENGINEERING PHYSICS | W4: Academic Year: | AA4: ='set target form'!E7 -> 2021-22 | AG4: Sem : | AI4: ='set target form'!G7 -> II | AL4: Sub code: | AN4: ='set target form'!E4 -> 21PHY22 | AP4: Sub name: | AR4: ='set target form'!G4 -> ENGINEERING PHYSICS | AW4: Academic Year: | AY4: ='set target form'!E7 -> 2021-22 | BB4: Sem : | BC4: ='set target form'!G7 -> II
B5: Names of Faculty handled: | D5: ='set target form'!D6 -> Nithin H M | AL5: Names of Faculty handled: | AO5: ='set target form'!D6 -> Nithin H M
C7: Cijk.m | D7: 1 | E7: 1 | F7: 1 | G7: 1 | H7: 2 | I7: 2 | J7: 2 | K7: 2 | L7: 3 | M7: 3 | O7: 3 | P7: 3 | Q7: 4 | R7: 4 | S7: 4 | T7: 4 | U7: 5 | V7: 5 | W7: 5 | X7: 5 | Z7: 1 | AA7: 2 | AB7: 3 | AC7: 4 | AD7: 5 | AE7: 1 | AF7: 2 | AG7: 3 | AH7: 4 | AI7: 5
C8: Max Marks | D8: 1 | E8: 1 | F8: 1 | G8: 1 | H8: 1 | I8: 1 | J8: 1 | K8: 1 | L8: 1 | M8: 1 | N8: =SUM(D8:M8) -> 10 | O8: 1 | P8: 1 | Q8: 1 | R8: 1 | S8: 1 | T8: 1 | U8: 1 | V8: 1 | W8: 1 | X8: 1 | Y8: =SUM(O8:X8) -> 10 | Z8: 1 | AA8: 1 | AB8: 1 | AC8: 1 | AD8: 1 | AE8: 1 | AF8: 1 | AG8: 1 | AH8: 1 | AI8: 1 | AJ8: =SUM(Z8:AI8) -> 10
D9: Assignment 1 | O9: Assignment 2 | Z9: Seminar/Quiz/Mini project | AL9: ='set target form'!E9 -> CO1 | AP9: ='set target form'!F9 -> CO2 | AT9: ='set target form'!G9 -> CO3 | AX9: ='set target form'!H9 -> CO4 | BB9: ='set target form'!I9 -> CO5
A10: Sl.No. | B10: USN | C10: Name | D10: 1 | E10: 2 | F10: 3 | G10: 4 | H10: 5 | I10: 6 | J10: 7 | K10: 8 | L10: 9 | M10: 10 | O10: 1 | P10: 2 | Q10: 3 | R10: 4 | S10: 5 | T10: 6 | U10: 7 | V10: 8 | W10: 9 | X10: 10 | Z10: 1 | AA10: 2 | AB10: 3 | AC10: 4 | AD10: 5 | AE10: 6 | AF10: 7 | AG10: 8 | AH10: 9 | AI10: 10 | AL10: scored | AM10: alotted | AN10: % | AP10: scored | AQ10: alotted | AR10: % | AT10: scored | AU10: alotted | AV10: % | AX10: scored | AY10: alotted | AZ10: % | BB10: scored | BC10: alotted | BD10: %
A11: 1 | B11: ='IA Test only'!B12 | C11: ='IA Test only'!C12 | N11: =SUM(D11:M11) -> 0 | Y11: =SUM(O11:X11) -> 0 | AJ11: =SUM(Z11:AI11) -> 0 | AL11: =SUMIF($D$7:$AI$7,1,$D11:$AI11) -> 0 | AM11: =SUMIFS($D$8:$AI$8,$D$7:$AI$7,1,$D11:$AI11,">="&0) -> 0 | AN11: =AL11/AM11*100 -> #DIV/0! | AP11: =SUMIF($D$7:$AI$7,2,$D11:$AI11) -> 0 | AQ11: =SUMIFS($D$8:$AI$8,$D$7:$AI$7,2,$D11:$AI11,">="&0) -> 0 | AR11: =AP11/AQ11*100 -> #DIV/0! | AT11: =SUMIF($D$7:$AI$7,3,$D11:$AI11) -> 0 | AU11: =SUMIFS($D$8:$AI$8,$D$7:$AI$7,3,$D11:$AI11,">="&0) -> 0 | AV11: =AT11/AU11*100 -> #DIV/0! | AX11: =SUMIF($D$7:$AI$7,4,$D11:$AI11) -> 0 | AY11: =SUMIFS($D$8:$AI$8,$D$7:$AI$7,4,$D11:$AI11,">="&0) -> 0 | AZ11: =AX11/AY11*100 -> #DIV/0! | BB11: =SUMIF($D$7:$AI$7,5,$D11:$AI11) -> 0 | BC11: =SUMIFS($D$8:$AI$8,$D$7:$AI$7,5,$D11:$AI11,">="&0) -> 0 | BD11: =BB11/BC11*100 -> #DIV/0!
A12: 2 | B12: ='IA Test only'!B13 | C12: ='IA Test only'!C13 | N12: =SUM(D12:M12) -> 0 | Y12: =SUM(O12:X12) -> 0 | AJ12: =SUM(Z12:AI12) -> 0 | AL12: =SUMIF($D$7:$AI$7,1,$D12:$AI12) -> 0 | AM12: =SUMIFS($D$8:$AI$8,$D$7:$AI$7,1,$D12:$AI12,">="&0) -> 0 | AN12: =AL12/AM12*100 -> #DIV/0! | AP12: =SUMIF($D$7:$AI$7,2,$D12:$AI12) -> 0 | AQ12: =SUMIFS($D$8:$AI$8,$D$7:$AI$7,2,$D12:$AI12,">="&0) -> 0 | AR12: =AP12/AQ12*100 -> #DIV/0! | AT12: =SUMIF($D$7:$AI$7,3,$D12:$AI12) -> 0 | AU12: =SUMIFS($D$8:$AI$8,$D$7:$AI$7,3,$D12:$AI12,">="&0) -> 0 | AV12: =AT12/AU12*100 -> #DIV/0! | AX12: =SUMIF($D$7:$AI$7,4,$D12:$AI12) -> 0 | AY12: =SUMIFS($D$8:$AI$8,$D$7:$AI$7,4,$D12:$AI12,">="&0) -> 0 | AZ12: =AX12/AY12*100 -> #DIV/0! | BB12: =SUMIF($D$7:$AI$7,5,$D12:$AI12) -> 0 | BC12: =SUMIFS($D$8:$AI$8,$D$7:$AI$7,5,$D12:$AI12,">="&0) -> 0 | BD12: =BB12/BC12*100 -> #DIV/0!
A13: 3 | B13: ='IA Test only'!B14 | C13: ='IA Test only'!C14 | N13: =SUM(D13:M13) -> 0 | Y13: =SUM(O13:X13) -> 0 | AJ13: =SUM(Z13:AI13) -> 0 | AL13: =SUMIF($D$7:$AI$7,1,$D13:$AI13) -> 0 | AM13: =SUMIFS($D$8:$AI$8,$D$7:$AI$7,1,$D13:$AI13,">="&0) -> 0 | AN13: =AL13/AM13*100 -> #DIV/0! | AP13: =SUMIF($D$7:$AI$7,2,$D13:$AI13) -> 0 | AQ13: =SUMIFS($D$8:$AI$8,$D$7:$AI$7,2,$D13:$AI13,">="&0) -> 0 | AR13: =AP13/AQ13*100 -> #DIV/0! | AT13: =SUMIF($D$7:$AI$7,3,$D13:$AI13) -> 0 | AU13: =SUMIFS($D$8:$AI$8,$D$7:$AI$7,3,$D13:$AI13,">="&0) -> 0 | AV13: =AT13/AU13*100 -> #DIV/0! | AX13: =SUMIF($D$7:$AI$7,4,$D13:$AI13) -> 0 | AY13: =SUMIFS($D$8:$AI$8,$D$7:$AI$7,4,$D13:$AI13,">="&0) -> 0 | AZ13: =AX13/AY13*100 -> #DIV/0! | BB13: =SUMIF($D$7:$AI$7,5,$D13:$AI13) -> 0 | BC13: =SUMIFS($D$8:$AI$8,$D$7:$AI$7,5,$D13:$AI13,">="&0) -> 0 | BD13: =BB13/BC13*100 -> #DIV/0!
A14: 4 | B14: ='IA Test only'!B15 | C14: ='IA Test only'!C15 | N14: =SUM(D14:M14) -> 0 | Y14: =SUM(O14:X14) -> 0 | AJ14: =SUM(Z14:AI14) -> 0 | AL14: =SUMIF($D$7:$AI$7,1,$D14:$AI14) -> 0 | AM14: =SUMIFS($D$8:$AI$8,$D$7:$AI$7,1,$D14:$AI14,">="&0) -> 0 | AN14: =AL14/AM14*100 -> #DIV/0! | AP14: =SUMIF($D$7:$AI$7,2,$D14:$AI14) -> 0 | AQ14: =SUMIFS($D$8:$AI$8,$D$7:$AI$7,2,$D14:$AI14,">="&0) -> 0 | AR14: =AP14/AQ14*100 -> #DIV/0! | AT14: =SUMIF($D$7:$AI$7,3,$D14:$AI14) -> 0 | AU14: =SUMIFS($D$8:$AI$8,$D$7:$AI$7,3,$D14:$AI14,">="&0) -> 0 | AV14: =AT14/AU14*100 -> #DIV/0! | AX14: =SUMIF($D$7:$AI$7,4,$D14:$AI14) -> 0 | AY14: =SUMIFS($D$8:$AI$8,$D$7:$AI$7,4,$D14:$AI14,">="&0) -> 0 | AZ14: =AX14/AY14*100 -> #DIV/0! | BB14: =SUMIF($D$7:$AI$7,5,$D14:$AI14) -> 0 | BC14: =SUMIFS($D$8:$AI$8,$D$7:$AI$7,5,$D14:$AI14,">="&0) -> 0 | BD14: =BB14/BC14*100 -> #DIV/0!
A15: 5 | B15: ='IA Test only'!B16 | C15: ='IA Test only'!C16 | N15: =SUM(D15:M15) -> 0 | Y15: =SUM(O15:X15) -> 0 | AJ15: =SUM(Z15:AI15) -> 0 | AL15: =SUMIF($D$7:$AI$7,1,$D15:$AI15) -> 0 | AM15: =SUMIFS($D$8:$AI$8,$D$7:$AI$7,1,$D15:$AI15,">="&0) -> 0 | AN15: =AL15/AM15*100 -> #DIV/0! | AP15: =SUMIF($D$7:$AI$7,2,$D15:$AI15) -> 0 | AQ15: =SUMIFS($D$8:$AI$8,$D$7:$AI$7,2,$D15:$AI15,">="&0) -> 0 | AR15: =AP15/AQ15*100 -> #DIV/0! | AT15: =SUMIF($D$7:$AI$7,3,$D15:$AI15) -> 0 | AU15: =SUMIFS($D$8:$AI$8,$D$7:$AI$7,3,$D15:$AI15,">="&0) -> 0 | AV15: =AT15/AU15*100 -> #DIV/0! | AX15: =SUMIF($D$7:$AI$7,4,$D15:$AI15) -> 0 | AY15: =SUMIFS($D$8:$AI$8,$D$7:$AI$7,4,$D15:$AI15,">="&0) -> 0 | AZ15: =AX15/AY15*100 -> #DIV/0! | BB15: =SUMIF($D$7:$AI$7,5,$D15:$AI15) -> 0 | BC15: =SUMIFS($D$8:$AI$8,$D$7:$AI$7,5,$D15:$AI15,">="&0) -> 0 | BD15: =BB15/BC15*100 -> #DIV/0!
A16: 6 | B16: ='IA Test only'!B17 | C16: ='IA Test only'!C17 | N16: =SUM(D16:M16) -> 0 | Y16: =SUM(O16:X16) -> 0 | AJ16: =SUM(Z16:AI16) -> 0 | AL16: =SUMIF($D$7:$AI$7,1,$D16:$AI16) -> 0 | AM16: =SUMIFS($D$8:$AI$8,$D$7:$AI$7,1,$D16:$AI16,">="&0) -> 0 | AN16: =AL16/AM16*100 -> #DIV/0! | AP16: =SUMIF($D$7:$AI$7,2,$D16:$AI16) -> 0 | AQ16: =SUMIFS($D$8:$AI$8,$D$7:$AI$7,2,$D16:$AI16,">="&0) -> 0 | AR16: =AP16/AQ16*100 -> #DIV/0! | AT16: =SUMIF($D$7:$AI$7,3,$D16:$AI16) -> 0 | AU16: =SUMIFS($D$8:$AI$8,$D$7:$AI$7,3,$D16:$AI16,">="&0) -> 0 | AV16: =AT16/AU16*100 -> #DIV/0! | AX16: =SUMIF($D$7:$AI$7,4,$D16:$AI16) -> 0 | AY16: =SUMIFS($D$8:$AI$8,$D$7:$AI$7,4,$D16:$AI16,">="&0) -> 0 | AZ16: =AX16/AY16*100 -> #DIV/0! | BB16: =SUMIF($D$7:$AI$7,5,$D16:$AI16) -> 0 | BC16: =SUMIFS($D$8:$AI$8,$D$7:$AI$7,5,$D16:$AI16,">="&0) -> 0 | BD16: =BB16/BC16*100 -> #DIV/0!
A17: 7 | B17: ='IA Test only'!B18 | C17: ='IA Test only'!C18 | N17: =SUM(D17:M17) -> 0 | Y17: =SUM(O17:X17) -> 0 | AJ17: =SUM(Z17:AI17) -> 0 | AL17: =SUMIF($D$7:$AI$7,1,$D17:$AI17) -> 0 | AM17: =SUMIFS($D$8:$AI$8,$D$7:$AI$7,1,$D17:$AI17,">="&0) -> 0 | AN17: =AL17/AM17*100 -> #DIV/0! | AP17: =SUMIF($D$7:$AI$7,2,$D17:$AI17) -> 0 | AQ17: =SUMIFS($D$8:$AI$8,$D$7:$AI$7,2,$D17:$AI17,">="&0) -> 0 | AR17: =AP17/AQ17*100 -> #DIV/0! | AT17: =SUMIF($D$7:$AI$7,3,$D17:$AI17) -> 0 | AU17: =SUMIFS($D$8:$AI$8,$D$7:$AI$7,3,$D17:$AI17,">="&0) -> 0 | AV17: =AT17/AU17*100 -> #DIV/0! | AX17: =SUMIF($D$7:$AI$7,4,$D17:$AI17) -> 0 | AY17: =SUMIFS($D$8:$AI$8,$D$7:$AI$7,4,$D17:$AI17,">="&0) -> 0 | AZ17: =AX17/AY17*100 -> #DIV/0! | BB17: =SUMIF($D$7:$AI$7,5,$D17:$AI17) -> 0 | BC17: =SUMIFS($D$8:$AI$8,$D$7:$AI$7,5,$D17:$AI17,">="&0) -> 0 | BD17: =BB17/BC17*100 -> #DIV/0!
A18: 8 | B18: ='IA Test only'!B19 | C18: ='IA Test only'!C19 | N18: =SUM(D18:M18) -> 0 | Y18: =SUM(O18:X18) -> 0 | AJ18: =SUM(Z18:AI18) -> 0 | AL18: =SUMIF($D$7:$AI$7,1,$D18:$AI18) -> 0 | AM18: =SUMIFS($D$8:$AI$8,$D$7:$AI$7,1,$D18:$AI18,">="&0) -> 0 | AN18: =AL18/AM18*100 -> #DIV/0! | AP18: =SUMIF($D$7:$AI$7,2,$D18:$AI18) -> 0 | AQ18: =SUMIFS($D$8:$AI$8,$D$7:$AI$7,2,$D18:$AI18,">="&0) -> 0 | AR18: =AP18/AQ18*100 -> #DIV/0! | AT18: =SUMIF($D$7:$AI$7,3,$D18:$AI18) -> 0 | AU18: =SUMIFS($D$8:$AI$8,$D$7:$AI$7,3,$D18:$AI18,">="&0) -> 0 | AV18: =AT18/AU18*100 -> #DIV/0! | AX18: =SUMIF($D$7:$AI$7,4,$D18:$AI18) -> 0 | AY18: =SUMIFS($D$8:$AI$8,$D$7:$AI$7,4,$D18:$AI18,">="&0) -> 0 | AZ18: =AX18/AY18*100 -> #DIV/0! | BB18: =SUMIF($D$7:$AI$7,5,$D18:$AI18) -> 0 | BC18: =SUMIFS($D$8:$AI$8,$D$7:$AI$7,5,$D18:$AI18,">="&0) -> 0 | BD18: =BB18/BC18*100 -> #DIV/0!
A19: 9 | B19: ='IA Test only'!B20 | C19: ='IA Test only'!C20 | N19: =SUM(D19:M19) -> 0 | Y19: =SUM(O19:X19) -> 0 | AJ19: =SUM(Z19:AI19) -> 0 | AL19: =SUMIF($D$7:$AI$7,1,$D19:$AI19) -> 0 | AM19: =SUMIFS($D$8:$AI$8,$D$7:$AI$7,1,$D19:$AI19,">="&0) -> 0 | AN19: =AL19/AM19*100 -> #DIV/0! | AP19: =SUMIF($D$7:$AI$7,2,$D19:$AI19) -> 0 | AQ19: =SUMIFS($D$8:$AI$8,$D$7:$AI$7,2,$D19:$AI19,">="&0) -> 0 | AR19: =AP19/AQ19*100 -> #DIV/0! | AT19: =SUMIF($D$7:$AI$7,3,$D19:$AI19) -> 0 | AU19: =SUMIFS($D$8:$AI$8,$D$7:$AI$7,3,$D19:$AI19,">="&0) -> 0 | AV19: =AT19/AU19*100 -> #DIV/0! | AX19: =SUMIF($D$7:$AI$7,4,$D19:$AI19) -> 0 | AY19: =SUMIFS($D$8:$AI$8,$D$7:$AI$7,4,$D19:$AI19,">="&0) -> 0 | AZ19: =AX19/AY19*100 -> #DIV/0! | BB19: =SUMIF($D$7:$AI$7,5,$D19:$AI19) -> 0 | BC19: =SUMIFS($D$8:$AI$8,$D$7:$AI$7,5,$D19:$AI19,">="&0) -> 0 | BD19: =BB19/BC19*100 -> #DIV/0!
A20: 10 | B20: ='IA Test only'!B21 | C20: ='IA Test only'!C21 | N20: =SUM(D20:M20) -> 0 | Y20: =SUM(O20:X20) -> 0 | AJ20: =SUM(Z20:AI20) -> 0 | AL20: =SUMIF($D$7:$AI$7,1,$D20:$AI20) -> 0 | AM20: =SUMIFS($D$8:$AI$8,$D$7:$AI$7,1,$D20:$AI20,">="&0) -> 0 | AN20: =AL20/AM20*100 -> #DIV/0! | AP20: =SUMIF($D$7:$AI$7,2,$D20:$AI20) -> 0 | AQ20: =SUMIFS($D$8:$AI$8,$D$7:$AI$7,2,$D20:$AI20,">="&0) -> 0 | AR20: =AP20/AQ20*100 -> #DIV/0! | AT20: =SUMIF($D$7:$AI$7,3,$D20:$AI20) -> 0 | AU20: =SUMIFS($D$8:$AI$8,$D$7:$AI$7,3,$D20:$AI20,">="&0) -> 0 | AV20: =AT20/AU20*100 -> #DIV/0! | AX20: =SUMIF($D$7:$AI$7,4,$D20:$AI20) -> 0 | AY20: =SUMIFS($D$8:$AI$8,$D$7:$AI$7,4,$D20:$AI20,">="&0) -> 0 | AZ20: =AX20/AY20*100 -> #DIV/0! | BB20: =SUMIF($D$7:$AI$7,5,$D20:$AI20) -> 0 | BC20: =SUMIFS($D$8:$AI$8,$D$7:$AI$7,5,$D20:$AI20,">="&0) -> 0 | BD20: =BB20/BC20*100 -> #DIV/0!
A21: 11 | B21: ='IA Test only'!B22 | C21: ='IA Test only'!C22 | N21: =SUM(D21:M21) -> 0 | Y21: =SUM(O21:X21) -> 0 | AJ21: =SUM(Z21:AI21) -> 0 | AL21: =SUMIF($D$7:$AI$7,1,$D21:$AI21) -> 0 | AM21: =SUMIFS($D$8:$AI$8,$D$7:$AI$7,1,$D21:$AI21,">="&0) -> 0 | AN21: =AL21/AM21*100 -> #DIV/0! | AP21: =SUMIF($D$7:$AI$7,2,$D21:$AI21) -> 0 | AQ21: =SUMIFS($D$8:$AI$8,$D$7:$AI$7,2,$D21:$AI21,">="&0) -> 0 | AR21: =AP21/AQ21*100 -> #DIV/0! | AT21: =SUMIF($D$7:$AI$7,3,$D21:$AI21) -> 0 | AU21: =SUMIFS($D$8:$AI$8,$D$7:$AI$7,3,$D21:$AI21,">="&0) -> 0 | AV21: =AT21/AU21*100 -> #DIV/0! | AX21: =SUMIF($D$7:$AI$7,4,$D21:$AI21) -> 0 | AY21: =SUMIFS($D$8:$AI$8,$D$7:$AI$7,4,$D21:$AI21,">="&0) -> 0 | AZ21: =AX21/AY21*100 -> #DIV/0! | BB21: =SUMIF($D$7:$AI$7,5,$D21:$AI21) -> 0 | BC21: =SUMIFS($D$8:$AI$8,$D$7:$AI$7,5,$D21:$AI21,">="&0) -> 0 | BD21: =BB21/BC21*100 -> #DIV/0!
A22: 12 | B22: ='IA Test only'!B23 | C22: ='IA Test only'!C23 | N22: =SUM(D22:M22) -> 0 | Y22: =SUM(O22:X22) -> 0 | AJ22: =SUM(Z22:AI22) -> 0 | AL22: =SUMIF($D$7:$AI$7,1,$D22:$AI22) -> 0 | AM22: =SUMIFS($D$8:$AI$8,$D$7:$AI$7,1,$D22:$AI22,">="&0) -> 0 | AN22: =AL22/AM22*100 -> #DIV/0! | AP22: =SUMIF($D$7:$AI$7,2,$D22:$AI22) -> 0 | AQ22: =SUMIFS($D$8:$AI$8,$D$7:$AI$7,2,$D22:$AI22,">="&0) -> 0 | AR22: =AP22/AQ22*100 -> #DIV/0! | AT22: =SUMIF($D$7:$AI$7,3,$D22:$AI22) -> 0 | AU22: =SUMIFS($D$8:$AI$8,$D$7:$AI$7,3,$D22:$AI22,">="&0) -> 0 | AV22: =AT22/AU22*100 -> #DIV/0! | AX22: =SUMIF($D$7:$AI$7,4,$D22:$AI22) -> 0 | AY22: =SUMIFS($D$8:$AI$8,$D$7:$AI$7,4,$D22:$AI22,">="&0) -> 0 | AZ22: =AX22/AY22*100 -> #DIV/0! | BB22: =SUMIF($D$7:$AI$7,5,$D22:$AI22) -> 0 | BC22: =SUMIFS($D$8:$AI$8,$D$7:$AI$7,5,$D22:$AI22,">="&0) -> 0 | BD22: =BB22/BC22*100 -> #DIV/0!
... A234: 224 | B234: ='IA Test only'!B235 | C234: ='IA Test only'!C235 | N234: =SUM(D234:M234) -> 0 | Y234: =SUM(O234:X234) -> 0 | AJ234: =SUM(Z234:AI234) -> 0 | AL234: =SUMIF($D$7:$AI$7,1,$D234:$AI234) -> 0 | AM234: =SUMIFS($D$8:$AI$8,$D$7:$AI$7,1,$D234:$AI234,">="&0) -> 0 | AN234: =AL234/AM234*100 -> #DIV/0! | AP234: =SUMIF($D$7:$AI$7,2,$D234:$AI234) -> 0 | AQ234: =SUMIFS($D$8:$AI$8,$D$7:$AI$7,2,$D234:$AI234,">="&0) -> 0 | AR234: =AP234/AQ234*100 -> #DIV/0! | AT234: =SUMIF($D$7:$AI$7,3,$D234:$AI234) -> 0 | AU234: =SUMIFS($D$8:$AI$8,$D$7:$AI$7,3,$D234:$AI234,">="&0) -> 0 | AV234: =AT234/AU234*100 -> #DIV/0! | AX234: =SUMIF($D$7:$AI$7,4,$D234:$AI234) -> 0 | AY234: =SUMIFS($D$8:$AI$8,$D$7:$AI$7,4,$D234:$AI234,">="&0) -> 0 | AZ234: =AX234/AY234*100 -> #DIV/0! | BB234: =SUMIF($D$7:$AI$7,5,$D234:$AI234) -> 0 | BC234: =SUMIFS($D$8:$AI$8,$D$7:$AI$7,5,$D234:$AI234,">="&0) -> 0 | BD234: =BB234/BC234*100 -> #DIV/0!
AK236: Number of student attended the CO questions | AN236: =COUNT(AN11:AN234) -> 0 | AR236: =COUNT(AR11:AR234) -> 0 | AV236: =COUNT(AV11:AV234) -> 0 | AZ236: =COUNT(AZ11:AZ234) -> 0 | BD236: =COUNT(BD11:BD234) -> 0
AK237: Number of student scored cutoff% and above | AN237: =COUNTIF(AN11:AN234,">="&'set target form'!$E$14) -> 0 | AR237: =COUNTIF(AR11:AR234,">="&'set target form'!$E$14) -> 0 | AV237: =COUNTIF(AV11:AV234,">="&'set target form'!$E$14) -> 0 | AZ237: =COUNTIF(AZ11:AZ234,">="&'set target form'!$E$14) -> 0 | BD237: =COUNTIF(BD11:BD234,">="&'set target form'!$E$14) -> 0
AK238: CO ATTAINMENT IN PERENTAGE (% of students scored above set % of marks) | AN238: =AN237/AN236*100 -> #DIV/0! | AR238: =AR237/AR236*100 -> #DIV/0! | AV238: =AV237/AV236*100 -> #DIV/0! | AZ238: =AZ237/AZ236*100 -> #DIV/0! | BD238: =BD237/BD236*100 -> #DIV/0!
AK247: Distribution of CO % in assessment tools
AK248: Tools | AL248: ='set target form'!E9 -> CO1 | AM248: ='set target form'!F9 -> CO2 | AN248: ='set target form'!G9 -> CO3 | AO248: ='set target form'!H9 -> CO4 | AP248: ='set target form'!I9 -> CO5
AK249: Assignment 1 | AL249: =SUMIFS($D$8:$M$8,$D$7:$M$7,1) -> 4 | AM249: =SUMIFS($D$8:$M$8,$D$7:$M$7,2) -> 4 | AN249: =SUMIFS($D$8:$M$8,$D$7:$M$7,3) -> 2 | AO249: =SUMIFS($D$8:$M$8,$D$7:$M$7,4) -> 0 | AP249: =SUMIFS($D$8:$M$8,$D$7:$M$7,5) -> 0
AK250: Assignment 2 | AL250: =SUMIFS($O$8:$W$8,$O$7:$W$7,1) -> 0 | AM250: =SUMIFS($O$8:$W$8,$O$7:$W$7,2) -> 0 | AN250: =SUMIFS($O$8:$W$8,$O$7:$W$7,3) -> 2 | AO250: =SUMIFS($O$8:$W$8,$O$7:$W$7,4) -> 4 | AP250: =SUMIFS($O$8:$X$8,$O$7:$X$7,5) -> 4
AK251: Seminar/Quiz/Mini project | AL251: =SUMIFS($Y$8:$AI$8,$Y$7:$AI$7,1) -> 2 | AM251: =SUMIFS($Y$8:$AI$8,$Y$7:$AI$7,2) -> 2 | AN251: =SUMIFS($Y$8:$AI$8,$Y$7:$AI$7,3) -> 2 | AO251: =SUMIFS($Y$8:$AI$8,$Y$7:$AI$7,4) -> 2 | AP251: =SUMIFS($Y$8:$AI$8,$Y$7:$AI$7,5) -> 2

Sheet External
C1: AMC ENGINEERING COLLEGE
C2: ='set target form'!E2 -> DEPARTMENT OF PHYSICS
C3: CO ATTAINMENT - EXTERNAL
C4: Sub code: | D4: ='set target form'!E4 -> 21PHY22 | E4: Sub name: | F4: ='set target form'!G4 -> ENGINEERING PHYSICS
C5: Names of Faculty handled:
C6: ='set target form'!D6 -> Nithin H M
C7: Academic Year: | D7: ='set target form'!E7 -> 2021-22 | E7: Sem : | F7: ='set target form'!G7 -> II
C8: Sl.No | D8: USN | E8: Name of Student | F8: Internal | G8: External | H8: Total | I8: Result
C10: 1
C11: 2
C12: 3
C13: 4
C14: 5
C15: 6
C16: 7
C17: 8
C18: 9
C19: 10
C20: 11
C21: 12
... C233: 224
D238: Equal Contribution of External to all COs
D239: Total number of students | F239: =COUNTIF(I4:I233,"P")+COUNTIF(I4:I233,"F") -> 0
D240: Branch average (of external only) | F240: =(SUMIF(I4:I233, "P", G4:G233)+SUMIF(I4:I233, "F", G4:G233))/F239 -> #DIV/0!
D241: No. of students above class average | F241: =COUNTIF(G4:G233, ">="&F240) -> 0
D242: CO ATTAINMENT IN PERENTAGE (% of students scored above set % of marks) | F242: =F241/F239*100 -> #DIV/0!

Sheet Result Analysis
C1: AMC ENGINEERING COLLEGE
C2: ='set target form'!E2 -> DEPARTMENT OF PHYSICS
C3: CO ATTAINMENT - EXTERNAL
C4: Sub code: | D4: ='set target form'!E4 -> 21PHY22 | E4: Sub name: | F4: ='set target form'!G4 -> ENGINEERING PHYSICS
C5: Names of Faculty handled:
C6: ='set target form'!D6 -> Nithin H M
C7: Academic Year: | D7: ='set target form'!E7 -> 2021-22 | E7: Sem : | F7: ='set target form'!G7 -> II
C10: Internal | D10: No. Appeared | E10: No. Absent | F10: No. Pass | G10: No. Fail | H10: Pass %
C11: I | D11: =COUNTA('IA Test only'!D12:D235) - E11 -> 0 | E11: =COUNTIF('IA Test only'!D12:D235, "Ab") -> 0 | F11: =COUNTIF('IA Test only'!P12:P235, ">=16") -> 0 | G11: =D11-F11 -> 0 | H11: =F11/D11 -> #DIV/0!
C12: II | D12: =COUNTA('IA Test only'!Q12:Q235) - E12 -> 0 | E12: =COUNTIF('IA Test only'!Q12:Q235, "Ab") -> 0 | F12: =COUNTIF('IA Test only'!AC12:AC235, ">=16") -> 0 | G12: =D12-F12 -> 0 | H12: =F12/D12 -> #DIV/0!
C13: III | D13: =COUNTA('IA Test only'!AD12:AD235) - E13 -> 0 | E13: =COUNTIF('IA Test only'!AD12:AD235, "Ab") -> 0 | F13: =COUNTIF('IA Test only'!AP12:AP235, ">=16") -> 0 | G13: =D13-F13 -> 0 | H13: =F13/D13 -> #DIV/0!
C15: Assessment Tool
C16: S.No | D16: Assignment/ Written Quiz/ Mini project/ Seminar/ Demonstration of concept | E16: No. Appeared | F16: No. Absent
C17: I
C20: COMPARISON University Examination
C21: Academic Year | D21: No. Appeared | E21: No. Absent | F21: No. Pass | G21: No. Fail | H21: Pass % | J21: if CAY = | K21: 2011-12 | L21: 2012-13 | M21: 2013-14 | N21: 2014-15 | O21: 2015-16 | P21: 2016-17
C22: CAY - 21-22 | D22: =External!F239 -> 0 | E22: =COUNTIF(External!I10:I233, "A") -> 0 | F22: =COUNTIF(External!I10:I233, "P") -> 0 | G22: =COUNTIF(External!I10:I233, "F") -> 0 | H22: =F22/D22 -> #DIV/0! | J22: CAYm1 = | K22: NA | L22: 2011-12 | M22: 2012-13 | N22: 2013-14 | O22: 2014-15 | P22: 2015-16
C23: CAYM1 - 20-21 | J23: CAYm2 = | K23: NA | L23: NA | M23: 2011-12 | N23: 2012-13 | O23: 2013-14 | P23: 2014-15
C24: CAYM2 - 19-20

Sheet Exit survey
B1: AMC ENGINEERING COLLEGE
B2: ='set target form'!E2 -> DEPARTMENT OF PHYSICS
B3: CO ATTAINMENT - COURSE EXIT SURVEY
B6: Sub code: | C6: ='set target form'!E4 -> 21PHY22 | D6: Sub name: | E6: ='set target form'!G4 -> ENGINEERING PHYSICS
B7: Names of Faculty handled:
B8: ='set target form'!D6 -> Nithin H M
B9: Academic Year: | C9: ='set target form'!E7 -> 2021-22 | D9: Sem : | E9: ='set target form'!G7 -> II
B10: Sl No | C10: USN | D10: Student Name | E10: Q1 | F10: Q2 | G10: Q3 | H10: Q4 | I10: Q5
B12: 1
B13: 2
B14: 3
B15: 4
B16: 5
B17: 6
B18: 7
B19: 8
B20: 9
B21: 10
B22: 11
B23: 12
... B235: 224
C236: No of students who entered option 'A' or 'B' | E236: =COUNTIF(E$12:E$235,"A Excellent")+COUNTIF(E$12:E$235,"B Good") -> 0 | F236: =COUNTIF(F$12:F$235,"A Excellent")+COUNTIF(F$12:F$235,"B Good") -> 0 | G236: =COUNTIF(G$12:G$235,"A Excellent")+COUNTIF(G$12:G$235,"B Good") -> 0 | H236: =COUNTIF(H$12:H$235,"A Excellent")+COUNTIF(H$12:H$235,"B Good") -> 0 | I236: =COUNTIF(I$12:I$235,"A Excellent")+COUNTIF(I$12:I$235,"B Good") -> 0
C237: No of students who have given exit survey | E237: =COUNTA(E$12:E$235) -> 0 | F237: =COUNTA(F$12:F$235) -> 0 | G237: =COUNTA(G$12:G$235) -> 0 | H237: =COUNTA(H$12:H$235) -> 0 | I237: =COUNTA(I$12:I$235) -> 0
C238: % of students who entered A or B | E238: =E236/E237*100 -> #DIV/0! | F238: =F236/F237*100 -> #DIV/0! | G238: =G236/G237*100 -> #DIV/0! | H238: =H236/H237*100 -> #DIV/0! | I238: =I236/I237*100 -> #DIV/0!
D239: CO to Exit survey question mapping
E240: Q1 | F240: Q2 | G240: Q3 | H240: Q4 | I240: Q5
D241: ='set target form'!E$9 -> CO1 | E241: 1 | F241: 1 | G241: 1 | H241: 1
D242: ='set target form'!F9 -> CO2 | F242: 1
D243: ='set target form'!G9 -> CO3 | E243: 1 | F243: 1 | G243: 1 | I243: 1
D244: ='set target form'!H9 -> CO4 | E244: 1 | F244: 1 | G244: 1 | H244: 1
D245: ='set target form'!I9 -> CO5 | G245: 1 | I245: 1
J247: CO ATTAINMENT IN PERENTAGE (Average Percentage of students given A and B) | K247: CO ATTAINMENT in levels
D248: ='set target form'!E9 -> CO1 | E248: =E$238*E241 -> #DIV/0! | F248: =F$238*F241 -> #DIV/0! | G248: =G$238*G241 -> #DIV/0! | H248: =H$238*H241 -> #DIV/0! | I248: =I$238*I241 -> #DIV/0! | J248: =SUM(E248:I248)/COUNT(E241:I241) -> #DIV/0! | K248: =IF(J248<'set target form'!$I$14,0, IF(J248<'set target form'!$I$15,1, IF(J248<'set target form'!$I$16,2,3))) -> #DIV/0!
D249: ='set target form'!F9 -> CO2 | E249: =E$238*E242 -> #DIV/0! | F249: =F$238*F242 -> #DIV/0! | G249: =G$238*G242 -> #DIV/0! | H249: =H$238*H242 -> #DIV/0! | I249: =I$238*I242 -> #DIV/0! | J249: =SUM(E249:I249)/COUNT(E242:I242) -> #DIV/0! | K249: =IF(J249<'set target form'!$I$14,0, IF(J249<'set target form'!$I$15,1, IF(J249<'set target form'!$I$16,2,3))) -> #DIV/0!
D250: ='set target form'!G9 -> CO3 | E250: =E$238*E243 -> #DIV/0! | F250: =F$238*F243 -> #DIV/0! | G250: =G$238*G243 -> #DIV/0! | H250: =H$238*H243 -> #DIV/0! | I250: =I$238*I243 -> #DIV/0! | J250: =SUM(E250:I250)/COUNT(E243:I243) -> #DIV/0! | K250: =IF(J250<'set target form'!$I$14,0, IF(J250<'set target form'!$I$15,1, IF(J250<'set target form'!$I$16,2,3))) -> #DIV/0!
D251: ='set target form'!H9 -> CO4 | E251: =E$238*E244 -> #DIV/0! | F251: =F$238*F244 -> #DIV/0! | G251: =G$238*G244 -> #DIV/0! | H251: =H$238*H244 -> #DIV/0! | I251: =I$238*I244 -> #DIV/0! | J251: =SUM(E251:I251)/COUNT(E244:I244) -> #DIV/0! | K251: =IF(J251<'set target form'!$I$14,0, IF(J251<'set target form'!$I$15,1, IF(J251<'set target form'!$I$16,2,3))) -> #DIV/0!
D252: ='set target form'!I9 -> CO5 | E252: =E$238*E245 -> #DIV/0! | F252: =F$238*F245 -> #DIV/0! | G252: =G$238*G245 -> #DIV/0! | H252: =H$238*H245 -> #DIV/0! | I252: =I$238*I245 -> #DIV/0! | J252: =SUM(E252:I252)/COUNT(E245:I245) -> #DIV/0! | K252: =IF(J252<'set target form'!$I$14,0, IF(J252<'set target form'!$I$15,1, IF(J252<'set target form'!$I$16,2,3))) -> #DIV/0!

Sheet CO attainment
B1: AMC ENGINEERING COLLEGE
B2: ='set target form'!E2 -> DEPARTMENT OF PHYSICS
B3: Cijk CO ATTAINMENT
B4: Sub code: | D4: ='set target form'!E4 -> 21PHY22 | F4: Sub name: | G4: ='set target form'!G4 -> ENGINEERING PHYSICS
B5: Names of Faculty handled: | E5: ='set target form'!D6 -> Nithin H M
B6: Academic Year: | D6: ='set target form'!E7 -> 2021-22 | F6: Sem : | G6: ='set target form'!G7 -> II
B7: CO Attainment in Percentage
B8: CO | C8: A1 = IA-Test Attainment in % | D8: A2: Self study (Assignment, Seminar, etc.) Attainment in % | E8: A = CIA Attainment | F8: B =SEE Attainment | G8: C = Exit Survey Attainment level | H8: D=50% of CIA | I8: E = 50% of SEE | J8: F = D+E Attainment | K8: G= 90% of F | L8: H= 10% of C | M8: CO Attainment = G+H (in percentage) | N8: CO Attainment (in level)
B9: ='set target form'!E9 -> CO1 | C9: ='IA Test only'!AT241 -> #DIV/0! | D9: ='ASQM only'!AN238 -> #DIV/0! | E9: =AVERAGE(C9:D9) -> #DIV/0! | F9: =External!$F$242 -> #DIV/0! | G9: ='Exit survey'!$J248 -> #DIV/0! | H9: =0.5*$E9 -> #DIV/0! | I9: =0.5*F9 -> #DIV/0! | J9: =H9+I9 -> #DIV/0! | K9: =0.9*J9 -> #DIV/0! | L9: =0.1*G9 -> #DIV/0! | M9: =K9+L9 -> #DIV/0! | N9: =IF(M9<'set target form'!$E$14,0, IF(M9<'set target form'!$E$15,1, IF(M9<'set target form'!$E$16,2,3))) -> #DIV/0!
B10: ='set target form'!F9 -> CO2 | C10: ='IA Test only'!AX241 -> #DIV/0! | D10: ='ASQM only'!AR238 -> #DIV/0! | E10: =AVERAGE(C10:D10) -> #DIV/0! | F10: =External!$F$242 -> #DIV/0! | G10: ='Exit survey'!$J249 -> #DIV/0! | H10: =0.5*$E10 -> #DIV/0! | I10: =0.5*F10 -> #DIV/0! | J10: =H10+I10 -> #DIV/0! | K10: =0.9*J10 -> #DIV/0! | L10: =0.1*G10 -> #DIV/0! | M10: =K10+L10 -> #DIV/0! | N10: =IF(M10<'set target form'!$E$14,0, IF(M10<'set target form'!$E$15,1, IF(M10<'set target form'!$E$16,2,3))) -> #DIV/0!
B11: ='set target form'!G9 -> CO3 | C11: ='IA Test only'!BB241 -> #DIV/0! | D11: ='ASQM only'!AV238 -> #DIV/0! | E11: =AVERAGE(C11:D11) -> #DIV/0! | F11: =External!$F$242 -> #DIV/0! | G11: ='Exit survey'!$J250 -> #DIV/0! | H11: =0.5*$E11 -> #DIV/0! | I11: =0.5*F11 -> #DIV/0! | J11: =H11+I11 -> #DIV/0! | K11: =0.9*J11 -> #DIV/0! | L11: =0.1*G11 -> #DIV/0! | M11: =K11+L11 -> #DIV/0! | N11: =IF(M11<'set target form'!$E$14,0, IF(M11<'set target form'!$E$15,1, IF(M11<'set target form'!$E$16,2,3))) -> #DIV/0!
B12: ='set target form'!H9 -> CO4 | C12: ='IA Test only'!BF241 -> #DIV/0! | D12: ='ASQM only'!AZ238 -> #DIV/0! | E12: =AVERAGE(C12:D12) -> #DIV/0! | F12: =External!$F$242 -> #DIV/0! | G12: ='Exit survey'!$J251 -> #DIV/0! | H12: =0.5*$E12 -> #DIV/0! | I12: =0.5*F12 -> #DIV/0! | J12: =H12+I12 -> #DIV/0! | K12: =0.9*J12 -> #DIV/0! | L12: =0.1*G12 -> #DIV/0! | M12: =K12+L12 -> #DIV/0! | N12: =IF(M12<'set target form'!$E$14,0, IF(M12<'set target form'!$E$15,1, IF(M12<'set target form'!$E$16,2,3))) -> #DIV/0!
B13: ='set target form'!I9 -> CO5 | C13: ='IA Test only'!BJ241 -> #DIV/0! | D13: ='ASQM only'!BD238 -> #DIV/0! | E13: =AVERAGE(C13:D13) -> #DIV/0! | F13: =External!$F$242 -> #DIV/0! | G13: ='Exit survey'!$J252 -> #DIV/0! | H13: =0.5*$E13 -> #DIV/0! | I13: =0.5*F13 -> #DIV/0! | J13: =H13+I13 -> #DIV/0! | K13: =0.9*J13 -> #DIV/0! | L13: =0.1*G13 -> #DIV/0! | M13: =K13+L13 -> #DIV/0! | N13: =IF(M13<'set target form'!$E$14,0, IF(M13<'set target form'!$E$15,1, IF(M13<'set target form'!$E$16,2,3))) -> #DIV/0!

Sheet Course PO attainment
B1: AMC ENGINEERING COLLEGE
B2: ='set target form'!E2 -> DEPARTMENT OF PHYSICS
B3: Course PO ATTAINMENT
C5: Sub code: | E5: ='set target form'!E4 -> 21PHY22 | G5: Sub name: | H5: ='set target form'!G4 -> ENGINEERING PHYSICS
C6: Names of Faculty handled: | E6: ='set target form'!D6 -> Nithin H M
C7: Academic Year: | E7: ='set target form'!E7 -> 2021-22 | G7: Sem : | H7: ='set target form'!G7 -> II
B9: CO - PO/PSO Mapping
B10: CO | C10: CO attainment | D10: PO1 | E10: PO2 | F10: PO3 | G10: PO4 | H10: PO5 | I10: PO6 | J10: PO7 | K10: PO8 | L10: PO9 | M10: PO10 | N10: PO11 | O10: PO12 | P10: PSO1 | Q10: PSO2
B11: ='set target form'!E9 -> CO1 | C11: ='CO attainment'!N9 -> #DIV/0! | D11: 3 | E11: 2 | O11: 2
B12: ='set target form'!F9 -> CO2 | C12: ='CO attainment'!N10 -> #DIV/0! | D12: 3 | E12: 3 | O12: 2
B13: ='set target form'!G9 -> CO3 | C13: ='CO attainment'!N11 -> #DIV/0! | D13: 3 | E13: 3 | O13: 2
B14: ='set target form'!H9 -> CO4 | C14: ='CO attainment'!N12 -> #DIV/0! | D14: 3 | E14: 2 | F14: 1 | H14: 1 | O14: 2
B15: ='set target form'!I9 -> CO5 | C15: ='CO attainment'!N13 -> #DIV/0! | D15: 3 | E15: 2 | F15: 1 | H15: 2 | K15: 3 | L15: 3 | O15: 2
B16: course PO attainment | D16: =SUMPRODUCT($C$11:$C$15,D$11:D$15)/SUM(D$11:D$15) -> #DIV/0! | E16: =SUMPRODUCT($C$11:$C$15,E$11:E$15)/SUM(E$11:E$15) -> #DIV/0! | F16: =SUMPRODUCT($C$11:$C$15,F$11:F$15)/SUM(F$11:F$15) -> #DIV/0! | G16: =SUMPRODUCT($C$11:$C$15,G$11:G$15)/SUM(G$11:G$15) -> #DIV/0! | H16: =SUMPRODUCT($C$11:$C$15,H$11:H$15)/SUM(H$11:H$15) -> #DIV/0! | I16: =SUMPRODUCT($C$11:$C$15,I$11:I$15)/SUM(I$11:I$15) -> #DIV/0! | J16: =SUMPRODUCT($C$11:$C$15,J$11:J$15)/SUM(J$11:J$15) -> #DIV/0! | K16: =SUMPRODUCT($C$11:$C$15,K$11:K$15)/SUM(K$11:K$15) -> #DIV/0! | ... Q16: =SUMPRODUCT($C$11:$C$15,Q$11:Q$15)/SUM(Q$11:Q$15) -> #DIV/0!

Sheet CO attainment gap
D1: AMC ENGINEERING COLLEGE | S1: AMC ENGINEERING COLLEGE
D2: ='set target form'!E2 -> DEPARTMENT OF PHYSICS | S2: ='set target form'!E2 -> DEPARTMENT OF PHYSICS
D3: CO ATTAINMENT GAP | S3: CO ATTAINMENT GAP (Internal contributes equally to all CO)
D4: Sub code: | E4: ='set target form'!E4 -> 21PHY22 | F4: Sub name: | G4: ='set target form'!G4 -> ENGINEERING PHYSICS | S4: Sub code: | T4: ='set target form'!E4 -> 21PHY22 | U4: Sub name: | V4: ='set target form'!G4 -> ENGINEERING PHYSICS
D5: Names of Faculty handled: | S5: Names of Faculty handled:
D6: ='set target form'!D6 -> Nithin H M | S6: ='set target form'!D6 -> Nithin H M
D7: Academic Year: | F7: ='set target form'!E7 -> 2021-22 | H7: Sem : | I7: ='set target form'!G7 -> II | S7: Academic Year: | U7: ='set target form'!E7 -> 2021-22 | W7: Sem : | X7: ='set target form'!G7 -> II
D9: CO. No | E9: Target Level | F9: CO Attainment | G9: CO Attainment Gap | H9: Action Proposed | S9: CO. No | T9: CO attainment in % | V9: CO Attainment Gap in % | W9: Action Proposed
D10: ='set target form'!E9 -> CO1 | F10: ='CO attainment'!N9 -> #DIV/0! | G10: =F10-E10 -> #DIV/0! | T10: CAYm1: 20ab - 20cd | U10: CAY: 20cd - 20xy
D11: ='set target form'!F9 -> CO2 | F11: ='CO attainment'!N10 -> #DIV/0! | G11: =F11-E11 -> #DIV/0! | S11: ='set target form'!E9 -> CO1 | U11: =#REF! -> #REF! | V11: =(U11-T11) -> #REF!
D12: ='set target form'!G9 -> CO3 | F12: ='CO attainment'!N11 -> #DIV/0! | G12: =F12-E12 -> #DIV/0! | S12: ='set target form'!F9 -> CO2 | U12: =#REF! -> #REF! | V12: =(U12-T12) -> #REF!
D13: ='set target form'!H9 -> CO4 | F13: ='CO attainment'!N12 -> #DIV/0! | G13: =F13-E13 -> #DIV/0! | S13: ='set target form'!G9 -> CO3 | U13: =#REF! -> #REF! | V13: =(U13-T13) -> #REF!
D14: ='set target form'!I9 -> CO5 | F14: ='CO attainment'!N13 -> #DIV/0! | G14: =F14-E14 -> #DIV/0! | S14: ='set target form'!H9 -> CO4 | U14: =#REF! -> #REF! | V14: =(U14-T14) -> #REF!

Sheet Course PO attainment gap
B1: AMC ENGINEERING COLLEGE | Q1: AMC ENGINEERING COLLEGE
B2: ='set target form'!E2 -> DEPARTMENT OF PHYSICS | Q2: ='set target form'!E2 -> DEPARTMENT OF PHYSICS
C3: Cijk PO ATTAINMENT GAP | Q3: Cijk PO ATTAINMENT GAP (Internal contributes equally to all CO)
C5: Sub code: | D5: ='set target form'!E4 -> 21PHY22 | E5: Sub name: | F5: ='set target form'!G4 -> ENGINEERING PHYSICS | Q5: Sub code: | R5: ='set target form'!E4 -> 21PHY22 | S5: Sub name: | T5: ='set target form'!G4 -> ENGINEERING PHYSICS
C6: Names of Faculty handled: | E6: ='set target form'!D6 -> Nithin H M | Q6: Names of Faculty handled: | S6: ='set target form'!D6 -> Nithin H M
C7: Academic Year: | D7: ='set target form'!E7 -> 2021-22 | G7: Sem : | H7: ='set target form'!G7 -> II | Q7: Academic Year: | R7: ='set target form'!E7 -> 2021-22 | U7: Sem : | V7: ='set target form'!G7 -> II
C9: PO | D9: CAYm1: 2020 - 2021 | E9: CAY: 2021 - 2022 | F9: PO Attainment Gap in % | G9: Action Proposed | Q9: PO | R9: CAYm1: 20ab - 20cd | S9: CAY: 20cd - 20xy | T9: PO Attainment Gap in % | U9: Action Proposed
C11: PO1 | E11: =#REF! -> #REF! | F11: =E11-D11 -> #REF! | Q11: PO1 | S11: =#REF! -> #REF! | T11: =S11-R11 -> #REF!
C12: PO2 | E12: =#REF! -> #REF! | F12: =E12-D12 -> #REF! | Q12: PO2 | S12: =#REF! -> #REF! | T12: =S12-R12 -> #REF!
C13: PO3 | E13: =#REF! -> #REF! | F13: =E13-D13 -> #REF! | Q13: PO3 | S13: =#REF! -> #REF! | T13: =S13-R13 -> #REF!
C14: PO4 | E14: =#REF! -> #REF! | F14: =E14-D14 -> #REF! | Q14: PO4 | S14: =#REF! -> #REF! | T14: =S14-R14 -> #REF!
C15: PO5 | E15: =#REF! -> #REF! | F15: =E15-D15 -> #REF! | Q15: PO5 | S15: =#REF! -> #REF! | T15: =S15-R15 -> #REF!
C16: PO6 | E16: =#REF! -> #REF! | F16: =E16-D16 -> #REF! | Q16: PO6 | S16: =#REF! -> #REF! | T16: =S16-R16 -> #REF!
C17: PO7 | E17: =#REF! -> #REF! | F17: =E17-D17 -> #REF! | Q17: PO7 | S17: =#REF! -> #REF! | T17: =S17-R17 -> #REF!
C18: PO8 | E18: =#REF! -> #REF! | F18: =E18-D18 -> #REF! | Q18: PO8 | S18: =#REF! -> #REF! | T18: =S18-R18 -> #REF!
C19: PO9 | E19: =#REF! -> #REF! | F19: =E19-D19 -> #REF! | Q19: PO9 | S19: =#REF! -> #REF! | T19: =S19-R19 -> #REF!
C20: PO10 | E20: =#REF! -> #REF! | F20: =E20-D20 -> #REF! | Q20: PO10 | S20: =#REF! -> #REF! | T20: =S20-R20 -> #REF!
C21: PO11 | E21: =#REF! -> #REF! | F21: =E21-D21 -> #REF! | Q21: PO11 | S21: =#REF! -> #REF! | T21: =S21-R21 -> #REF!
C22: PO12 | E22: =#REF! -> #REF! | F22: =E22-D22 -> #REF! | Q22: PO12 | S22: =#REF! -> #REF! | T22: =S22-R22 -> #REF!
... C24: PSO2 | E24: =#REF! -> #REF! | F24: =E24-D24 -> #REF! | Q24: PSO2 | S24: =#REF! -> #REF! | T24: =S24-R24 -> #REF!
C25: Total POs | D25: =SUM(D11:D22)/COUNT(D11:D24) -> #DIV/0! | E25: =SUM(E11:E22)/COUNT(E11:E24) -> #REF! | F25: =E25-D25 -> #REF! | Q25: Total POs | R25: =SUM(R11:R24)/COUNT(R11:R22) -> #DIV/0! | S25: =SUM(S11:S22)/COUNT(S11:S24) -> #REF! | T25: =S25-R25 -> #REF!
C26: Total PSOs | D26: =SUM(D23:D24)/2 -> 0 | E26: =SUM(E23:E24)/2 -> #REF! | F26: =E26-D26 -> #REF! | Q26: Total PSOs | R26: =SUM(R23:R24)/2 -> 0 | S26: =SUM(S23:S24)/2 -> #REF! | T26: =S26-R26 -> #REF!
